campus_id,mean,min,max,sum
1,22.224670015445,-22.798,1903.33,157994134.58030778
2,4.896226507907454,0.001,46.719,4253224.66553
3,2.456198825437053,0.42281,10.39854396,955682.400989303
